Model,Accuracy,Macro F1
mobilenetv2,0.9401088929219601,0.9381990111001592
svm,0.5372050816696915,0.5285697095118479
random_forest,0.515426497277677,0.49687003802573726
